Date;Dernier
09/07/2012;1224.14
10/07/2012;1218.81
11/07/2012;1218.81
12/07/2012;1207.47
13/07/2012;1225.55
16/07/2012;1225.35
17/07/2012;1229.12
18/07/2012;1239.07
19/07/2012;1247.82
20/07/2012;1231.35
23/07/2012;1212.05
24/07/2012;1202.88
25/07/2012;1201.74
26/07/2012;1227.82
27/07/2012;1250.02
30/07/2012;1253.9
31/07/2012;1250.57
01/08/2012;1248.1
02/08/2012;1234.97
03/08/2012;1259.65
06/08/2012;1267.85
07/08/2012;1276.4
08/08/2012;1276.09
09/08/2012;1277.79
10/08/2012;1278.36
13/08/2012;1276.26
14/08/2012;1277.51
15/08/2012;1276.82
16/08/2012;1287.62
17/08/2012;1290.23
20/08/2012;1289.75
21/08/2012;1293.43
22/08/2012;1287.84
23/08/2012;1285.28
24/08/2012;1285.84
27/08/2012;1286.55
28/08/2012;1284.25
29/08/2012;1283.23
30/08/2012;1272.02
31/08/2012;1279.21
03/09/2012;1280.76
04/09/2012;1274.65
05/09/2012;1273.21
06/09/2012;1297.6
07/09/2012;1312.08
10/09/2012;1306.31
11/09/2012;1311.71
12/09/2012;1316.7
13/09/2012;1329.48
14/09/2012;1347.61
17/09/2012;1342.31
18/09/2012;1337.16
19/09/2012;1341.5
20/09/2012;1334.48
21/09/2012;1338.05
24/09/2012;1331.81
25/09/2012;1327.25
26/09/2012;1309.4
27/09/2012;1320.17
28/09/2012;1311.5
01/10/2012;1318.81
02/10/2012;1319.52
03/10/2012;1318.91
04/10/2012;1329
05/10/2012;1334.63
08/10/2012;1326.37
09/10/2012;1313.46
10/10/2012;1305.14
11/10/2012;1308.83
12/10/2012;1306.02
15/10/2012;1312.78
16/10/2012;1329.43
17/10/2012;1339.65
18/10/2012;1339.55
19/10/2012;1322.28
22/10/2012;1320.86
23/10/2012;1299.99
24/10/2012;1298.76
25/10/2012;1302.77
26/10/2012;1300.23
29/10/2012;1296.96
30/10/2012;1302.18
31/10/2012;1301.52
01/11/2012;1313.19
02/11/2012;1305.77
05/11/2012;1303.37
06/11/2012;1311.42
07/11/2012;1289.11
08/11/2012;1276.72
09/11/2012;1276.02
12/11/2012;1274.27
13/11/2012;1271.85
14/11/2012;1257.12
15/11/2012;1253.86
16/11/2012;1253.31
19/11/2012;1280.86
20/11/2012;1281.29
21/11/2012;1284.32
22/11/2012;1290.5
23/11/2012;1304.85
26/11/2012;1302.63
27/11/2012;1299.36
28/11/2012;1303.85
29/11/2012;1314.67
30/11/2012;1315.49
03/12/2012;1313.82
04/12/2012;1314.02
05/12/2012;1315.4
06/12/2012;1319.13
07/12/2012;1320.74
10/12/2012;1321.96
11/12/2012;1329.94
12/12/2012;1332.27
13/12/2012;1327.62
14/12/2012;1325.49
17/12/2012;1335.2
18/12/2012;1347.92
19/12/2012;1348.9
20/12/2012;1351.85
21/12/2012;1341.06
24/12/2012;1338.34
25/12/2012;1339.04
26/12/2012;1335.98
27/12/2012;1336.3
28/12/2012;1326.84
31/12/2012;1338.5
01/01/2013;1338.55
02/01/2013;1367.38
03/01/2013;1364.39
04/01/2013;1370.11
07/01/2013;1366.91
08/01/2013;1362.89
09/01/2013;1367.15
10/01/2013;1378.48
11/01/2013;1381.94
14/01/2013;1380.21
15/01/2013;1382.74
16/01/2013;1378.92
17/01/2013;1386.16
18/01/2013;1388.11
21/01/2013;1389.58
22/01/2013;1393.62
23/01/2013;1393.04
24/01/2013;1396.14
25/01/2013;1405.47
28/01/2013;1403.04
29/01/2013;1410.68
30/01/2013;1409.47
31/01/2013;1405.47
01/02/2013;1416.79
04/02/2013;1399.68
05/02/2013;1405.15
06/02/2013;1408.35
07/02/2013;1401.92
08/02/2013;1410.44
11/02/2013;1405.7
12/02/2013;1413.83
13/02/2013;1413.81
14/02/2013;1411.59
15/02/2013;1406.92
18/02/2013;1408.46
19/02/2013;1419.81
20/02/2013;1410.01
21/02/2013;1392.11
22/02/2013;1402.05
25/02/2013;1391.22
26/02/2013;1386.06
27/02/2013;1399.43
28/02/2013;1405.18
01/03/2013;1401.75
04/03/2013;1404.94
05/03/2013;1420.25
06/03/2013;1422.26
07/03/2013;1424.88
08/03/2013;1428.72
11/03/2013;1434.83
12/03/2013;1433.28
13/03/2013;1429.84
14/03/2013;1440.21
15/03/2013;1444.48
18/03/2013;1430.97
19/03/2013;1426.75
20/03/2013;1434.35
21/03/2013;1426.66
22/03/2013;1432.33
25/03/2013;1426.71
26/03/2013;1432.64
27/03/2013;1428.95
28/03/2013;1434.62
29/03/2013;1434.51
01/04/2013;1428.04
02/04/2013;1435.41
03/04/2013;1425.59
04/04/2013;1422.22
05/04/2013;1419.11
08/04/2013;1426.45
09/04/2013;1433.01
10/04/2013;1452.41
11/04/2013;1462.82
12/04/2013;1456.54
15/04/2013;1431.09
16/04/2013;1438.81
17/04/2013;1420.7
18/04/2013;1413.72
19/04/2013;1422.25
22/04/2013;1427.08
23/04/2013;1443.86
24/04/2013;1450.79
25/04/2013;1459.26
26/04/2013;1457.8
29/04/2013;1468.44
30/04/2013;1476.14
01/05/2013;1466.53
02/05/2013;1469.72
03/05/2013;1482.46
06/05/2013;1481.85
07/05/2013;1492.06
08/05/2013;1503.66
09/05/2013;1495.74
10/05/2013;1495.84
13/05/2013;1497.4
14/05/2013;1505.97
15/05/2013;1510.87
16/05/2013;1508.02
17/05/2013;1512.98
20/05/2013;1518.41
21/05/2013;1520.64
22/05/2013;1512.9
23/05/2013;1493.44
24/05/2013;1492.74
27/05/2013;1489.58
28/05/2013;1497.13
29/05/2013;1489.44
30/05/2013;1491.79
31/05/2013;1471.93
03/06/2013;1472.74
04/06/2013;1473.48
05/06/2013;1450.95
06/06/2013;1454.91
07/06/2013;1470.22
10/06/2013;1473.13
11/06/2013;1463.42
12/06/2013;1457.57
13/06/2013;1464.26
14/06/2013;1463.83
17/06/2013;1476.97
18/06/2013;1483.04
19/06/2013;1474.88
20/06/2013;1423.87
21/06/2013;1421.19
24/06/2013;1400.98
25/06/2013;1412.53
26/06/2013;1425.51
27/06/2013;1436.03
28/06/2013;1433.55
01/07/2013;1444.33
02/07/2013;1444.86
03/07/2013;1440.59
04/07/2013;1448.22
05/07/2013;1449.05
08/07/2013;1457.52
09/07/2013;1468.47
10/07/2013;1473.31
11/07/2013;1496.67
12/07/2013;1498.31
15/07/2013;1500.94
16/07/2013;1500.53
17/07/2013;1503.38
18/07/2013;1511.13
19/07/2013;1513.52
22/07/2013;1520.62
23/07/2013;1519.77
24/07/2013;1518.38
25/07/2013;1517.72
26/07/2013;1516.21
29/07/2013;1508.86
30/07/2013;1510.32
31/07/2013;1507.91
01/08/2013;1524.91
02/08/2013;1533.85
05/08/2013;1530.46
06/08/2013;1528.06
07/08/2013;1519.33
08/08/2013;1527.82
09/08/2013;1526.9
12/08/2013;1524.06
13/08/2013;1527.19
14/08/2013;1527.04
15/08/2013;1508.14
16/08/2013;1508.8
19/08/2013;1501.39
20/08/2013;1500.59
21/08/2013;1489.65
22/08/2013;1497.8
23/08/2013;1508.49
26/08/2013;1504.41
27/08/2013;1484.4
28/08/2013;1480.03
29/08/2013;1481.11
30/08/2013;1472.74
02/09/2013;1481.18
03/09/2013;1486.06
04/09/2013;1496.29
05/09/2013;1497.58
06/09/2013;1502.4
09/09/2013;1515.91
10/09/2013;1529.14
11/09/2013;1535.73
12/09/2013;1532.93
13/09/2013;1533.72
16/09/2013;1546.52
17/09/2013;1547.24
18/09/2013;1561.53
19/09/2013;1573.13
20/09/2013;1563.26
23/09/2013;1557.87
24/09/2013;1555.57
25/09/2013;1553.75
26/09/2013;1556.74
27/09/2013;1554.99
30/09/2013;1543.67
01/10/2013;1553.51
02/10/2013;1551.02
03/10/2013;1542.79
04/10/2013;1547.5
07/10/2013;1536.4
08/10/2013;1523.13
09/10/2013;1519.78
10/10/2013;1545.94
11/10/2013;1557.35
14/10/2013;1562.77
15/10/2013;1558.19
16/10/2013;1570.34
17/10/2013;1586.64
18/10/2013;1598.14
21/10/2013;1599.73
22/10/2013;1610.79
23/10/2013;1601.64
24/10/2013;1607.92
25/10/2013;1607.96
28/10/2013;1610.22
29/10/2013;1614.33
30/10/2013;1611.86
31/10/2013;1602.86
01/11/2013;1597.86
04/11/2013;1603.81
05/11/2013;1599.43
06/11/2013;1607.72
07/11/2013;1588.47
08/11/2013;1596.28
11/11/2013;1600.84
12/11/2013;1598.55
13/11/2013;1601.56
14/11/2013;1612.86
15/11/2013;1621.5
18/11/2013;1622.82
19/11/2013;1616.44
20/11/2013;1611.34
21/11/2013;1616.34
22/11/2013;1623.15
25/11/2013;1623.7
26/11/2013;1621.91
27/11/2013;1624.82
28/11/2013;1628.88
29/11/2013;1628.42
02/12/2013;1621.34
03/12/2013;1613.31
04/12/2013;1604.74
05/12/2013;1598.88
06/12/2013;1612.61
09/12/2013;1617.6
10/12/2013;1614.23
11/12/2013;1600.12
12/12/2013;1588.71
13/12/2013;1587.69
16/12/2013;1598.21
17/12/2013;1592.79
18/12/2013;1613.75
19/12/2013;1618.38
20/12/2013;1626.66
23/12/2013;1637.28
24/12/2013;1639.65
25/12/2013;1639.73
26/12/2013;1646.28
27/12/2013;1654.16
30/12/2013;1656.15
31/12/2013;1661.07
01/01/2014;1661.09
02/01/2014;1645.22
03/01/2014;1646.05
06/01/2014;1641.16
07/01/2014;1647.65
08/01/2014;1650.17
09/01/2014;1646.37
10/01/2014;1655.11
13/01/2014;1645.41
14/01/2014;1651.73
15/01/2014;1660
16/01/2014;1659.34
17/01/2014;1657.32
20/01/2014;1657.11
21/01/2014;1659.49
22/01/2014;1661.74
23/01/2014;1650.45
24/01/2014;1618.36
27/01/2014;1604.92
28/01/2014;1611.35
29/01/2014;1603.67
30/01/2014;1607.46
31/01/2014;1598.46
03/02/2014;1571.92
04/02/2014;1569.93
05/02/2014;1572.37
06/02/2014;1592.69
07/02/2014;1611.78
10/02/2014;1616.78
11/02/2014;1634.47
12/02/2014;1637.71
13/02/2014;1643.19
14/02/2014;1650.12
17/02/2014;1653.55
18/02/2014;1660.54
19/02/2014;1655.04
20/02/2014;1656.01
21/02/2014;1659.85
24/02/2014;1668.31
25/02/2014;1669.41
26/02/2014;1664.85
27/02/2014;1668.4
28/02/2014;1675.4
03/03/2014;1655.42
04/03/2014;1677.85
05/03/2014;1679.06
06/03/2014;1686.11
07/03/2014;1681.17
10/03/2014;1676.53
11/03/2014;1672.19
12/03/2014;1665.55
13/03/2014;1651.68
14/03/2014;1641.13
17/03/2014;1653.94
18/03/2014;1665.49
19/03/2014;1658.05
20/03/2014;1654.32
21/03/2014;1653.38
24/03/2014;1645.97
25/03/2014;1655.69
26/03/2014;1654.34
27/03/2014;1653.12
28/03/2014;1661.84
31/03/2014;1673.87
01/04/2014;1683.7
02/04/2014;1687.46
03/04/2014;1685.14
04/04/2014;1676.25
07/04/2014;1659.29
08/04/2014;1663.77
09/04/2014;1675.32
10/04/2014;1656.09
11/04/2014;1638.43
14/04/2014;1644.36
15/04/2014;1646.67
16/04/2014;1664.85
17/04/2014;1669.81
18/04/2014;1670.6
21/04/2014;1672.4
22/04/2014;1681.98
23/04/2014;1679.25
24/04/2014;1681.16
25/04/2014;1670.76
28/04/2014;1672.65
29/04/2014;1682.38
30/04/2014;1687.74
01/05/2014;1690.39
02/05/2014;1688.99
05/05/2014;1689.77
06/05/2014;1683.52
07/05/2014;1684.04
08/05/2014;1686.79
09/05/2014;1683.36
12/05/2014;1694.88
13/05/2014;1697.99
14/05/2014;1694.8
15/05/2014;1682.34
16/05/2014;1683.69
19/05/2014;1685.88
20/05/2014;1678.01
21/05/2014;1686.51
22/05/2014;1692.36
23/05/2014;1697.94
26/05/2014;1703.18
27/05/2014;1707.67
28/05/2014;1706.15
29/05/2014;1713.25
30/05/2014;1715.18
02/06/2014;1717.27
03/06/2014;1715.82
04/06/2014;1717.76
05/06/2014;1725.6
06/06/2014;1734.47
09/06/2014;1735.98
10/06/2014;1735.32
11/06/2014;1731.2
12/06/2014;1725.49
13/06/2014;1727.21
16/06/2014;1726.99
17/06/2014;1728.74
18/06/2014;1737.77
19/06/2014;1748.41
20/06/2014;1747.43
23/06/2014;1746.29
24/06/2014;1737.82
25/06/2014;1738.16
26/06/2014;1737.27
27/06/2014;1740.86
30/06/2014;1743.42
01/07/2014;1754.76
02/07/2014;1756.96
03/07/2014;1764.12
04/07/2014;1763.44
07/07/2014;1754.8
08/07/2014;1741.64
09/07/2014;1746.05
10/07/2014;1734.48
11/07/2014;1736
14/07/2014;1747.03
15/07/2014;1741.43
16/07/2014;1751.49
17/07/2014;1735.09
18/07/2014;1744.29
21/07/2014;1740.1
22/07/2014;1750.75
23/07/2014;1754.1
24/07/2014;1756.25
25/07/2014;1748.23
28/07/2014;1748.23
29/07/2014;1744.2
30/07/2014;1740.19
31/07/2014;1714.33
01/08/2014;1705.73
04/08/2014;1710.14
05/08/2014;1698.22
06/08/2014;1693.13
07/08/2014;1684.71
08/08/2014;1690.57
11/08/2014;1701.61
12/08/2014;1699.35
13/08/2014;1708.74
14/08/2014;1715.71
15/08/2014;1714.24
18/08/2014;1727.38
19/08/2014;1734.87
20/08/2014;1735.79
21/08/2014;1741.88
22/08/2014;1735.94
25/08/2014;1745.24
26/08/2014;1749.14
27/08/2014;1750.68
28/08/2014;1744.35
29/08/2014;1748.67
01/09/2014;1748.31
02/09/2014;1747.2
03/09/2014;1751.97
04/09/2014;1748.59
05/09/2014;1750.61
08/09/2014;1744.28
09/09/2014;1733.21
10/09/2014;1735.79
11/09/2014;1736.99
12/09/2014;1729.5
15/09/2014;1726.86
16/09/2014;1732.55
17/09/2014;1735.35
18/09/2014;1742.74
19/09/2014;1740.32
22/09/2014;1726.47
23/09/2014;1716.23
24/09/2014;1723.67
25/09/2014;1703.09
26/09/2014;1707.87
29/09/2014;1702.18
30/09/2014;1698.41
01/10/2014;1679.18
02/10/2014;1667.98
03/10/2014;1675.29
06/10/2014;1679.82
07/10/2014;1661.36
08/10/2014;1673.48
09/10/2014;1652.93
10/10/2014;1626.68
13/10/2014;1613.61
14/10/2014;1610.74
15/10/2014;1595.21
16/10/2014;1592.6
17/10/2014;1613.56
20/10/2014;1626.05
21/10/2014;1651.14
22/10/2014;1647.21
23/10/2014;1659.97
24/10/2014;1667.88
27/10/2014;1666.82
28/10/2014;1684.54
29/10/2014;1686.35
30/10/2014;1689.22
31/10/2014;1708.09
03/11/2014;1699.09
04/11/2014;1698.22
05/11/2014;1706.51
06/11/2014;1707.53
07/11/2014;1707.01
10/11/2014;1714.6
11/11/2014;1716.83
12/11/2014;1715.03
13/11/2014;1716.24
14/11/2014;1717.2
17/11/2014;1714.97
18/11/2014;1728.23
19/11/2014;1724.73
20/11/2014;1725.47
21/11/2014;1737.24
24/11/2014;1740.09
25/11/2014;1742.82
26/11/2014;1748
27/11/2014;1744.71
28/11/2014;1739.5
01/12/2014;1729.89
02/12/2014;1735.99
03/12/2014;1739.73
04/12/2014;1736.63
05/12/2014;1738.52
08/12/2014;1726.47
09/12/2014;1721.97
10/12/2014;1698.43
11/12/2014;1699.05
12/12/2014;1675.04
15/12/2014;1654.56
16/12/2014;1655.52
17/12/2014;1672.48
18/12/2014;1706.33
19/12/2014;1717
22/12/2014;1723.26
23/12/2014;1724.1
24/12/2014;1726.23
25/12/2014;1725.79
26/12/2014;1729.42
29/12/2014;1731.71
30/12/2014;1721.01
31/12/2014;1709.67
01/01/2015;1709.68
02/01/2015;1704.71
05/01/2015;1671.25
06/01/2015;1654.38
07/01/2015;1662.22
08/01/2015;1694.17
09/01/2015;1683.8
12/01/2015;1676.71
13/01/2015;1678.19
14/01/2015;1665.38
15/01/2015;1662.44
16/01/2015;1675.15
19/01/2015;1681.9
20/01/2015;1685.27
21/01/2015;1694.34
22/01/2015;1710.47
23/01/2015;1707.74
26/01/2015;1712.55
27/01/2015;1705.6
28/01/2015;1689.2
29/01/2015;1693.81
30/01/2015;1677.54
02/02/2015;1694.35
03/02/2015;1715.22
04/02/2015;1715.13
05/02/2015;1727.49
06/02/2015;1720.55
09/02/2015;1714.23
10/02/2015;1725.83
11/02/2015;1721.58
12/02/2015;1741.22
13/02/2015;1752.18
16/02/2015;1752.91
17/02/2015;1754.8
18/02/2015;1759.04
19/02/2015;1760.8
20/02/2015;1768.09
23/02/2015;1770.35
24/02/2015;1774.92
25/02/2015;1776.86
26/02/2015;1773.99
27/02/2015;1772.86
02/03/2015;1776.65
03/03/2015;1768.57
04/03/2015;1760.91
05/03/2015;1763.74
06/03/2015;1741.99
09/03/2015;1741.84
10/03/2015;1712.55
11/03/2015;1710.79
12/03/2015;1728.62
13/03/2015;1719.82
16/03/2015;1740.09
17/03/2015;1736.63
18/03/2015;1754.1
19/03/2015;1751.31
20/03/2015;1774.57
23/03/2015;1778
24/03/2015;1772.41
25/03/2015;1756.48
26/03/2015;1744.9
27/03/2015;1744.82
30/03/2015;1757.31
31/03/2015;1740.81
01/04/2015;1738.15
02/04/2015;1749.34
03/04/2015;1750.26
06/04/2015;1764.49
07/04/2015;1764.24
08/04/2015;1766.44
09/04/2015;1771.86
10/04/2015;1779.47
13/04/2015;1772.08
14/04/2015;1779.85
15/04/2015;1783.79
16/04/2015;1786.58
17/04/2015;1769.01
20/04/2015;1779.12
21/04/2015;1781.95
22/04/2015;1786.77
23/04/2015;1792.31
24/04/2015;1799.86
27/04/2015;1801.57
28/04/2015;1803.39
29/04/2015;1795.87
30/04/2015;1778.4
01/05/2015;1787.4
04/05/2015;1790.83
05/05/2015;1773.42
06/05/2015;1772.82
07/05/2015;1769.25
08/05/2015;1794.7
11/05/2015;1789.09
12/05/2015;1784.91
13/05/2015;1789.97
14/05/2015;1803.42
15/05/2015;1807.06
18/05/2015;1808.73
19/05/2015;1803.72
20/05/2015;1803.95
21/05/2015;1810.84
22/05/2015;1803.5
25/05/2015;1803.82
26/05/2015;1781.14
27/05/2015;1793.6
28/05/2015;1791.35
29/05/2015;1779.31
01/06/2015;1778.28
02/06/2015;1782.39
03/06/2015;1789.91
04/06/2015;1775.44
05/06/2015;1760.43
08/06/2015;1752.2
09/06/2015;1751.65
10/06/2015;1776.71
11/06/2015;1779.45
12/06/2015;1770.17
15/06/2015;1757.09
16/06/2015;1763.68
17/06/2015;1762.11
18/06/2015;1780.62
19/06/2015;1774.88
22/06/2015;1796.12
23/06/2015;1795.98
24/06/2015;1785.7
25/06/2015;1781.48
26/06/2015;1776.22
29/06/2015;1737.6
30/06/2015;1735.61
01/07/2015;1747.18
02/07/2015;1747.25
03/07/2015;1744.49
06/07/2015;1729.5
07/07/2015;1724.95
08/07/2015;1706.87
09/07/2015;1717.47
10/07/2015;1743.32
13/07/2015;1758.69
14/07/2015;1769.41
15/07/2015;1768.12
16/07/2015;1781.91
17/07/2015;1780.83
20/07/2015;1782.19
21/07/2015;1777.86
22/07/2015;1766.64
23/07/2015;1762.8
24/07/2015;1745.5
27/07/2015;1733.58
28/07/2015;1747.06
29/07/2015;1760.69
30/07/2015;1759.77
31/07/2015;1765.6
03/08/2015;1761.18
04/08/2015;1758.87
05/08/2015;1762.75
06/08/2015;1752.67
07/08/2015;1747.34
10/08/2015;1766.62
11/08/2015;1749.63
12/08/2015;1742.42
13/08/2015;1741.43
14/08/2015;1743.89
17/08/2015;1749.08
18/08/2015;1744.2
19/08/2015;1726.01
20/08/2015;1697.25
21/08/2015;1650.96
24/08/2015;1589.5
25/08/2015;1583.86
26/08/2015;1616.48
27/08/2015;1650.53
28/08/2015;1658.07
31/08/2015;1645.43
01/09/2015;1600.71
02/09/2015;1615.67
03/09/2015;1622.94
04/09/2015;1595.71
07/09/2015;1598.65
08/09/2015;1627.09
09/09/2015;1628.18
10/09/2015;1625.4
11/09/2015;1626.99
14/09/2015;1620.28
15/09/2015;1634.01
16/09/2015;1653.81
17/09/2015;1652.88
18/09/2015;1630.69
21/09/2015;1628.93
22/09/2015;1600.76
23/09/2015;1596.66
24/09/2015;1587.38
25/09/2015;1594.7
28/09/2015;1560.04
29/09/2015;1550.43
30/09/2015;1581.92
01/10/2015;1587.98
02/10/2015;1607.13
05/10/2015;1637.49
06/10/2015;1640.98
07/10/2015;1653.47
08/10/2015;1663.57
09/10/2015;1673.77
12/10/2015;1674.39
13/10/2015;1661.07
14/10/2015;1653.01
15/10/2015;1675.77
16/10/2015;1683.55
19/10/2015;1679.92
20/10/2015;1677.52
21/10/2015;1672.87
22/10/2015;1689.33
23/10/2015;1706.61
26/10/2015;1704.98
27/10/2015;1696.24
28/10/2015;1714.13
29/10/2015;1706.61
30/10/2015;1705.8
02/11/2015;1715.18
03/11/2015;1717.39
04/11/2015;1713.87
05/11/2015;1710.77
06/11/2015;1704.39
09/11/2015;1691.6
10/11/2015;1690.51
11/11/2015;1691.88
12/11/2015;1671.49
13/11/2015;1654.3
16/11/2015;1667.45
17/11/2015;1676.1
18/11/2015;1691.55
19/11/2015;1700.56
20/11/2015;1702.83
23/11/2015;1697.3
24/11/2015;1695.46
25/11/2015;1697.83
26/11/2015;1703.84
27/11/2015;1700.29
30/11/2015;1694.4
01/12/2015;1710.12
02/12/2015;1696.23
03/12/2015;1678.23
04/12/2015;1694.78
07/12/2015;1686.58
08/12/2015;1670.68
09/12/2015;1664.37
10/12/2015;1663.88
11/12/2015;1637.83
14/12/2015;1632.28
15/12/2015;1646.69
16/12/2015;1668.73
17/12/2015;1655.22
18/12/2015;1633.75
21/12/2015;1638.91
22/12/2015;1650.17
23/12/2015;1671.51
24/12/2015;1674
25/12/2015;1673.3
28/12/2015;1670.39
29/12/2015;1685.62
30/12/2015;1676.43
31/12/2015;1662.79
04/01/2016;1630.89
05/01/2016;1630.64
06/01/2016;1610.17
07/01/2016;1576.32
08/01/2016;1561.47
11/01/2016;1557.59
12/01/2016;1561.68
13/01/2016;1544.28
14/01/2016;1549.06
15/01/2016;1521
18/01/2016;1514.05
19/01/2016;1520.49
20/01/2016;1491.73
21/01/2016;1497.87
22/01/2016;1536.79
25/01/2016;1521.15
26/01/2016;1535.76
27/01/2016;1531.38
28/01/2016;1532.68
29/01/2016;1562.18
01/02/2016;1566.56
02/02/2016;1538.92
03/02/2016;1540.87
04/02/2016;1548.86
05/02/2016;1523.87
08/02/2016;1498.54
09/02/2016;1488.54
10/02/2016;1486.76
11/02/2016;1468.9
12/02/2016;1486.45
15/02/2016;1503.96
16/02/2016;1519.94
17/02/2016;1544.32
18/02/2016;1543.51
19/02/2016;1538.17
22/02/2016;1558.02
23/02/2016;1540.7
24/02/2016;1534.69
25/02/2016;1553.9
26/02/2016;1554.47
29/02/2016;1547.17
01/03/2016;1575.31
02/03/2016;1588.08
03/03/2016;1598.26
04/03/2016;1608.04
07/03/2016;1607.63
08/03/2016;1593.66
09/03/2016;1598.47
10/03/2016;1597.09
11/03/2016;1626.17
14/03/2016;1627.5
15/03/2016;1619.16
16/03/2016;1621.47
17/03/2016;1643
18/03/2016;1645.57
21/03/2016;1643.68
22/03/2016;1643.58
23/03/2016;1631.27
24/03/2016;1622.21
25/03/2016;1623.71
28/03/2016;1627.63
29/03/2016;1635.87
30/03/2016;1652.89
31/03/2016;1648.12
01/04/2016;1640.14
04/04/2016;1640.75
05/04/2016;1618.53
06/04/2016;1633.41
07/04/2016;1621.66
08/04/2016;1632.2
11/04/2016;1632.14
12/04/2016;1644.22
13/04/2016;1666.17
14/04/2016;1671.96
15/04/2016;1670.47
18/04/2016;1675.32
19/04/2016;1692.91
20/04/2016;1695.05
21/04/2016;1690.45
22/04/2016;1686.17
25/04/2016;1682.68
26/04/2016;1685.65
27/04/2016;1685.95
28/04/2016;1677.34
29/04/2016;1670.8
02/05/2016;1675.64
03/05/2016;1658.64
04/05/2016;1644.01
05/05/2016;1641.16
06/05/2016;1643.19
09/05/2016;1642.89
10/05/2016;1662.31
11/05/2016;1653.38
12/05/2016;1649.91
13/05/2016;1635.92
16/05/2016;1648.49
17/05/2016;1641.63
18/05/2016;1641.15
19/05/2016;1627.61
20/05/2016;1639.85
23/05/2016;1635.62
24/05/2016;1654.36
25/05/2016;1668.87
26/05/2016;1672.12
27/05/2016;1676.07
30/05/2016;1676.84
31/05/2016;1674.61
01/06/2016;1672.86
02/06/2016;1673.77
03/06/2016;1678.58
06/06/2016;1686.39
07/06/2016;1694.29
08/06/2016;1699.29
09/06/2016;1688.66
10/06/2016;1665.22
13/06/2016;1645.64
14/06/2016;1630.45
15/06/2016;1633.8
16/06/2016;1628.13
17/06/2016;1635.78
20/06/2016;1664.14
21/06/2016;1668.78
22/06/2016;1667.91
23/06/2016;1691.76
24/06/2016;1608.79
27/06/2016;1571.76
28/06/2016;1599.12
29/06/2016;1634.41
30/06/2016;1653.23
01/07/2016;1660.26
04/07/2016;1660.88
05/07/2016;1645.54
06/07/2016;1640.74
07/07/2016;1643.93
08/07/2016;1662.32
11/07/2016;1676.15
12/07/2016;1690.69
13/07/2016;1694.38
14/07/2016;1703.22
15/07/2016;1700.57
18/07/2016;1703.93
19/07/2016;1698.72
20/07/2016;1707.32
21/07/2016;1705.4
22/07/2016;1706.97
25/07/2016;1703.94
26/07/2016;1705.99
27/07/2016;1706.35
28/07/2016;1707.59
29/07/2016;1721.79
01/08/2016;1717.67
02/08/2016;1706.52
03/08/2016;1703.43
04/08/2016;1707.69
05/08/2016;1716.65
08/08/2016;1719.91
09/08/2016;1728.52
10/08/2016;1727.49
11/08/2016;1735.8
12/08/2016;1736.1
15/08/2016;1739.43
16/08/2016;1730.94
17/08/2016;1731.64
18/08/2016;1736.83
19/08/2016;1731.85
22/08/2016;1732.61
23/08/2016;1738.55
24/08/2016;1731.17
25/08/2016;1727.3
26/08/2016;1726.08
29/08/2016;1725.57
30/08/2016;1723.65
31/08/2016;1719.52
01/09/2016;1723.55
02/09/2016;1734.6
05/09/2016;1737.39
06/09/2016;1745.89
07/09/2016;1747.47
08/09/2016;1744.44
09/09/2016;1707.94
12/09/2016;1715.76
13/09/2016;1694.83
14/09/2016;1692.53
15/09/2016;1704.84
16/09/2016;1696.31
19/09/2016;1703.08
20/09/2016;1703.23
21/09/2016;1721.69
22/09/2016;1740.55
23/09/2016;1729.7
26/09/2016;1714.85
27/09/2016;1719.88
28/09/2016;1725.63
29/09/2016;1719.77
30/09/2016;1725.67
03/10/2016;1722.82
04/10/2016;1717.82
05/10/2016;1721.14
06/10/2016;1718.4
07/10/2016;1712.4
10/10/2016;1719.29
11/10/2016;1700.33
12/10/2016;1695.54
13/10/2016;1689.62
14/10/2016;1693.71
17/10/2016;1687.84
18/10/2016;1701.1
19/10/2016;1706.74
20/10/2016;1704.04
21/10/2016;1701.16
24/10/2016;1706.24
25/10/2016;1701.2
26/10/2016;1699.92
27/10/2016;1694.66
28/10/2016;1690.96
31/10/2016;1690.92
01/11/2016;1683.96
02/11/2016;1672.83
03/11/2016;1667.03
04/11/2016;1660.12
07/11/2016;1685.62
08/11/2016;1691.74
09/11/2016;1696.46
10/11/2016;1701.29
11/11/2016;1696.99
14/11/2016;1692.31
15/11/2016;1701.82
16/11/2016;1698.41
17/11/2016;1706.98
18/11/2016;1697.35
21/11/2016;1710.49
22/11/2016;1713.07
23/11/2016;1709.71
24/11/2016;1713.27
25/11/2016;1720.84
28/11/2016;1712.98
29/11/2016;1715.42
30/11/2016;1712.09
01/12/2016;1708.64
02/12/2016;1708.94
05/12/2016;1718.1
06/12/2016;1727.82
07/12/2016;1749.31
08/12/2016;1752.94
09/12/2016;1760.12
12/12/2016;1760.25
13/12/2016;1774.01
14/12/2016;1763.72
15/12/2016;1754.51
16/12/2016;1754.74
19/12/2016;1758.82
20/12/2016;1761.43
21/12/2016;1760.09
22/12/2016;1757.83
23/12/2016;1759.15
26/12/2016;1758.48
27/12/2016;1760.56
28/12/2016;1750.48
29/12/2016;1752.96
30/12/2016;1751.22
02/01/2017;1753.09
03/01/2017;1757.99
04/01/2017;1773.96
05/01/2017;1782.46
06/01/2017;1783.1
09/01/2017;1776.94
10/01/2017;1779.62
11/01/2017;1778.17
12/01/2017;1783.44
13/01/2017;1788.23
16/01/2017;1783.76
17/01/2017;1782.86
18/01/2017;1785.69
19/01/2017;1776.02
20/01/2017;1782.71
23/01/2017;1781.43
24/01/2017;1790.57
25/01/2017;1805.81
26/01/2017;1803.75
27/01/2017;1803.39
30/01/2017;1792.06
31/01/2017;1792.4
01/02/2017;1793.39
02/02/2017;1795.11
03/02/2017;1805.51
06/02/2017;1798.21
07/02/2017;1797.29
08/02/2017;1802.26
09/02/2017;1807.54
10/02/2017;1814.71
13/02/2017;1823.34
14/02/2017;1823.63
15/02/2017;1833.55
16/02/2017;1836.56
17/02/2017;1836.5
20/02/2017;1836.78
21/02/2017;1843.05
22/02/2017;1842.37
23/02/2017;1845.35
24/02/2017;1840.8
27/02/2017;1841.57
28/02/2017;1838.7
01/03/2017;1856.34
02/03/2017;1848.84
03/03/2017;1848.98
06/03/2017;1845.7
07/03/2017;1840.57
08/03/2017;1834.72
09/03/2017;1835.9
10/03/2017;1845.88
13/03/2017;1850.02
14/03/2017;1842.98
15/03/2017;1854.15
16/03/2017;1864.1
17/03/2017;1863.08
20/03/2017;1860.53
21/03/2017;1846.39
22/03/2017;1842.63
23/03/2017;1844.97
24/03/2017;1845.81
27/03/2017;1845.15
28/03/2017;1858.88
29/03/2017;1856.76
30/03/2017;1859.95
31/03/2017;1853.69
03/04/2017;1848.97
04/04/2017;1850.02
05/04/2017;1845.95
06/04/2017;1846.59
07/04/2017;1845.46
10/04/2017;1846.78
11/04/2017;1847.88
12/04/2017;1842.98
13/04/2017;1833.12
14/04/2017;1832.28
17/04/2017;1846.13
18/04/2017;1837.34
19/04/2017;1835.04
20/04/2017;1846.65
21/04/2017;1842.06
24/04/2017;1871.65
25/04/2017;1882.04
26/04/2017;1882.44
27/04/2017;1881.14
28/04/2017;1878.28
01/05/2017;1882.49
02/05/2017;1886.15
03/05/2017;1883.13
04/05/2017;1886.48
05/05/2017;1896.75
08/05/2017;1897.32
09/05/2017;1893.41
10/05/2017;1895.93
11/05/2017;1891.21
12/05/2017;1892.97
15/05/2017;1901.64
16/05/2017;1906.23
17/05/2017;1882.62
18/05/2017;1880.96
19/05/2017;1894.77
22/05/2017;1904.92
23/05/2017;1906.69
24/05/2017;1907.81
25/05/2017;1914.59
26/05/2017;1912.21
29/05/2017;1911.7
30/05/2017;1909.9
31/05/2017;1911.74
01/06/2017;1923.1
02/06/2017;1935.21
05/06/2017;1931.73
06/06/2017;1926.05
07/06/2017;1927.06
08/06/2017;1924.2
09/06/2017;1922.79
12/06/2017;1918.7
13/06/2017;1928.74
14/06/2017;1930.52
15/06/2017;1916.52
16/06/2017;1923.24
19/06/2017;1936.52
20/06/2017;1922.54
21/06/2017;1920
22/06/2017;1921.54
23/06/2017;1925.01
26/06/2017;1927.49
27/06/2017;1917.57
28/06/2017;1931.73
29/06/2017;1919.59
30/06/2017;1916.43
03/07/2017;1920.58
04/07/2017;1918.9
05/07/2017;1920.33
06/07/2017;1909.01
07/07/2017;1913.18
10/07/2017;1917.11
11/07/2017;1915.67
12/07/2017;1932.86
13/07/2017;1936.94
14/07/2017;1948.07
17/07/2017;1948.58
18/07/2017;1949.66
19/07/2017;1958.56
20/07/2017;1963.31
21/07/2017;1958.77
24/07/2017;1954.84
25/07/2017;1960.59
26/07/2017;1961.9
27/07/2017;1963.54
28/07/2017;1960.32
31/07/2017;1961.1
01/08/2017;1970.39
02/08/2017;1970.29
03/08/2017;1968.72
04/08/2017;1967.77
07/08/2017;1971.76
08/08/2017;1966.81
09/08/2017;1961.88
10/08/2017;1940.28
11/08/2017;1937.73
14/08/2017;1952.58
15/08/2017;1949.23
16/08/2017;1954.04
17/08/2017;1936.32
18/08/2017;1930.4
21/08/2017;1932.22
22/08/2017;1945.18
23/08/2017;1942.15
24/08/2017;1939.65
25/08/2017;1944.56
28/08/2017;1946.28
29/08/2017;1945.05
30/08/2017;1947.53
31/08/2017;1959.74
01/09/2017;1965.79
04/09/2017;1963.32
05/09/2017;1954.64
06/09/2017;1959.15
07/09/2017;1964.57
08/09/2017;1964.52
11/09/2017;1981.97
12/09/2017;1988.28
13/09/2017;1986.74
14/09/2017;1983.42
15/09/2017;1987.72
18/09/2017;1990.58
19/09/2017;1996.09
20/09/2017;1998.69
21/09/2017;1990.33
22/09/2017;1994.58
25/09/2017;1989.08
26/09/2017;1983.25
27/09/2017;1988
28/09/2017;1992.36
29/09/2017;2000.55
02/10/2017;2004.67
03/10/2017;2009.63
04/10/2017;2010.95
05/10/2017;2016.15
06/10/2017;2014.02
09/10/2017;2013.12
10/10/2017;2021.55
11/10/2017;2024.54
12/10/2017;2023.64
13/10/2017;2028.01
16/10/2017;2029.89
17/10/2017;2027.36
18/10/2017;2030.44
19/10/2017;2033.29
20/10/2017;2035.58
23/10/2017;2030.06
24/10/2017;2031.38
25/10/2017;2023.48
26/10/2017;2025.69
27/10/2017;2034.6
30/10/2017;2034.59
31/10/2017;2036.8
01/11/2017;2041.17
02/11/2017;2043.24
03/11/2017;2045.47
06/11/2017;2046.8
07/11/2017;2046.78
08/11/2017;2050.7
09/11/2017;2042.36
10/11/2017;2040.25
13/11/2017;2035.71
14/11/2017;2031.88
15/11/2017;2021.03
16/11/2017;2035.81
17/11/2017;2033.18
20/11/2017;2035.73
21/11/2017;2047.15
22/11/2017;2050.06
23/11/2017;2053.28
24/11/2017;2059.54
27/11/2017;2055.77
28/11/2017;2066.55
29/11/2017;2066.22
30/11/2017;2077.36
01/12/2017;2069.37
04/12/2017;2069.99
05/12/2017;2063.64
06/12/2017;2058.22
07/12/2017;2063.58
08/12/2017;2073.46
11/12/2017;2081.24
12/12/2017;2083.43
13/12/2017;2084.37
14/12/2017;2077.55
15/12/2017;2085.54
18/12/2017;2104.02
19/12/2017;2096.34
20/12/2017;2095.44
21/12/2017;2100.78
22/12/2017;2099.59
25/12/2017;2099.94
26/12/2017;2099.31
27/12/2017;2103.19
28/12/2017;2106.89
29/12/2017;2103.45
01/01/2018;2103.47
02/01/2018;2116.04
03/01/2018;2125.65
04/01/2018;2142.75
05/01/2018;2156.6
08/01/2018;2157.96
09/01/2018;2161.78
10/01/2018;2162.29
11/01/2018;2171.78
12/01/2018;2185.31
15/01/2018;2193.95
16/01/2018;2188.39
17/01/2018;2199.93
18/01/2018;2196.73
19/01/2018;2207.4
22/01/2018;2221.01
23/01/2018;2230.05
24/01/2018;2232.3
25/01/2018;2234.38
26/01/2018;2248.93
29/01/2018;2234.22
30/01/2018;2214.11
31/01/2018;2213.24
01/02/2018;2212.53
02/02/2018;2171.54
05/02/2018;2103.64
06/02/2018;2098.85
07/02/2018;2101.07
08/02/2018;2045.01
09/02/2018;2050.9
12/02/2018;2075.91
13/02/2018;2080.68
14/02/2018;2105.86
15/02/2018;2130.94
16/02/2018;2137.91
19/02/2018;2135.94
20/02/2018;2126.22
21/02/2018;2118.36
22/02/2018;2117.17
23/02/2018;2140.91
26/02/2018;2159.67
27/02/2018;2140.57
28/02/2018;2117.99
01/03/2018;2089.98
02/03/2018;2089.84
05/03/2018;2106.58
06/03/2018;2117.77
07/03/2018;2115.98
08/03/2018;2125.28
09/03/2018;2149.32
12/03/2018;2154.26
13/03/2018;2144.6
14/03/2018;2134.51
15/03/2018;2133.35
16/03/2018;2134.05
19/03/2018;2110.4
20/03/2018;2110.91
21/03/2018;2109.18
22/03/2018;2072.94
23/03/2018;2036.55
26/03/2018;2069.13
27/03/2018;2055.55
28/03/2018;2047.75
29/03/2018;2065.53
30/03/2018;2066.85
02/04/2018;2038.54
03/04/2018;2048.8
04/04/2018;2061.31
05/04/2018;2080.69
06/04/2018;2052.78
09/04/2018;2061.19
10/04/2018;2090.11
11/04/2018;2082.57
12/04/2018;2090.89
13/04/2018;2088.98
16/04/2018;2099.82
17/04/2018;2116.43
18/04/2018;2123.77
19/04/2018;2115.93
20/04/2018;2099.73
23/04/2018;2097.22
24/04/2018;2081.52
25/04/2018;2076.74
26/04/2018;2092.44
27/04/2018;2096.05
30/04/2018;2086.51
01/05/2018;2083.77
02/05/2018;2076.69
03/05/2018;2071.37
04/05/2018;2089.44
07/05/2018;2096.86
08/05/2018;2095.07
09/05/2018;2109.84
10/05/2018;2123.53
11/05/2018;2131.96
14/05/2018;2136.09
15/05/2018;2119.98
16/05/2018;2122.97
17/05/2018;2125.56
18/05/2018;2120.8
21/05/2018;2130.72
22/05/2018;2128.78
23/05/2018;2122.9
24/05/2018;2117.73
25/05/2018;2110.8
28/05/2018;2107.14
29/05/2018;2083.27
30/05/2018;2100.42
31/05/2018;2092.92
01/06/2018;2109.19
04/06/2018;2121.86
05/06/2018;2119.36
06/06/2018;2136.74
07/06/2018;2137.57
08/06/2018;2137.74
11/06/2018;2144.2
12/06/2018;2145.36
13/06/2018;2140.2
14/06/2018;2142.02
15/06/2018;2134.15
18/06/2018;2125.79
19/06/2018;2111.44
20/06/2018;2117.76
21/06/2018;2105.93
22/06/2018;2114.9
25/06/2018;2085.59
26/06/2018;2088.41
27/06/2018;2076.3
28/06/2018;2079.62
29/06/2018;2089.3
02/07/2018;2082.08
03/07/2018;2082.05
04/07/2018;2082.17
05/07/2018;2096.19
06/07/2018;2113.74
09/07/2018;2131.14
10/07/2018;2135.87
11/07/2018;2117.3
12/07/2018;2130.86
13/07/2018;2134.6
16/07/2018;2132.79
17/07/2018;2138.15
18/07/2018;2142.24
19/07/2018;2134.84
20/07/2018;2139.17
23/07/2018;2139.44
24/07/2018;2151.08
25/07/2018;2161.76
26/07/2018;2161.93
27/07/2018;2156.11
30/07/2018;2148.25
31/07/2018;2153.1
01/08/2018;2149.36
02/08/2018;2147.58
03/08/2018;2155.39
06/08/2018;2157.34
07/08/2018;2166.85
08/08/2018;2166.15
09/08/2018;2163.69
10/08/2018;2139.84
13/08/2018;2127.47
14/08/2018;2137.36
15/08/2018;2115.7
16/08/2018;2131.05
17/08/2018;2138.11
20/08/2018;2145.24
21/08/2018;2151.79
22/08/2018;2155.99
23/08/2018;2149.22
24/08/2018;2161.61
27/08/2018;2179.95
28/08/2018;2182.5
29/08/2018;2190.75
30/08/2018;2181.56
31/08/2018;2175.5
03/09/2018;2173.42
04/09/2018;2162.83
05/09/2018;2152.77
06/09/2018;2144.03
07/09/2018;2137.6
10/09/2018;2142.64
11/09/2018;2147.67
12/09/2018;2152.7
13/09/2018;2162.68
14/09/2018;2166.59
17/09/2018;2160.53
18/09/2018;2172.27
19/09/2018;2177.74
20/09/2018;2195.68
21/09/2018;2200.01
24/09/2018;2193.01
25/09/2018;2194.2
26/09/2018;2189.31
27/09/2018;2188.71
28/09/2018;2184.01
01/10/2018;2188.18
02/10/2018;2183.62
03/10/2018;2183.63
04/10/2018;2165.43
05/10/2018;2151.42
08/10/2018;2143.56
09/10/2018;2138.46
10/10/2018;2089.1
11/10/2018;2044.95
12/10/2018;2063.43
15/10/2018;2055.11
16/10/2018;2091.21
17/10/2018;2089.5
18/10/2018;2064.47
19/10/2018;2062.33
22/10/2018;2053.44
23/10/2018;2033.89
24/10/2018;1988.62
25/10/2018;2006.27
26/10/2018;1981.89
29/10/2018;1975.7
30/10/2018;1997.19
31/10/2018;2021.98
01/11/2018;2040.93
02/11/2018;2036.7
05/11/2018;2040.68
06/11/2018;2050.65
07/11/2018;2084.45
08/11/2018;2082.47
09/11/2018;2063.16
12/11/2018;2028.62
13/11/2018;2026.52
14/11/2018;2015.14
15/11/2018;2026.3
16/11/2018;2031.76
19/11/2018;2009.61
20/11/2018;1976.91
21/11/2018;1984.73
22/11/2018;1984.03
23/11/2018;1975.09
26/11/2018;1999.2
27/11/2018;2000.07
28/11/2018;2029.78
29/11/2018;2034.89
30/11/2018;2041.36
03/12/2018;2066.62
04/12/2018;2016.89
05/12/2018;2008.63
06/12/2018;1990.85
07/12/2018;1965.24
10/12/2018;1952.83
11/12/2018;1954.65
12/12/2018;1975.88
13/12/2018;1974.41
14/12/2018;1942.55
17/12/2018;1914.33
18/12/2018;1908.16
19/12/2018;1892.71
20/12/2018;1862.82
21/12/2018;1834.97
24/12/2018;1802.95
25/12/2018;1795.28
26/12/2018;1850.7
27/12/2018;1862.38
28/12/2018;1870.8
31/12/2018;1883.9
01/01/2019;1883.93
02/01/2019;1881.15
03/01/2019;1853.18
04/01/2019;1904.18
07/01/2019;1919.75
08/01/2019;1935.79
09/01/2019;1950.99
10/01/2019;1957.69
11/01/2019;1957.17
14/01/2019;1948.16
15/01/2019;1963.61
16/01/2019;1966.5
17/01/2019;1975.61
18/01/2019;2000.76
21/01/2019;2000.77
22/01/2019;1978.83
23/01/2019;1980.15
24/01/2019;1983.23
25/01/2019;2001.86
28/01/2019;1989.18
29/01/2019;1989.6
30/01/2019;2010.95
31/01/2019;2028.49
01/02/2019;2029.55
04/02/2019;2037.76
05/02/2019;2051.36
06/02/2019;2047.11
07/02/2019;2026.94
08/02/2019;2020.53
11/02/2019;2021.6
12/02/2019;2045.12
13/02/2019;2052.76
14/02/2019;2047.56
15/02/2019;2066.58
18/02/2019;2072.62
19/02/2019;2075.91
20/02/2019;2083.64
21/02/2019;2077.44
22/02/2019;2086.97
25/02/2019;2091.83
26/02/2019;2091.7
27/02/2019;2092.12
28/02/2019;2085.84
01/03/2019;2096.35
04/03/2019;2090.4
05/03/2019;2087.5
06/03/2019;2078.69
07/03/2019;2061.41
08/03/2019;2051.12
11/03/2019;2074.66
12/03/2019;2083.38
13/03/2019;2095.67
14/03/2019;2096.32
15/03/2019;2108.78
18/03/2019;2117.99
19/03/2019;2121.47
20/03/2019;2112.05
21/03/2019;2127.93
22/03/2019;2094.81
25/03/2019;2087.06
26/03/2019;2102.62
27/03/2019;2094.02
28/03/2019;2095.18
29/03/2019;2107.74
01/04/2019;2131.79
02/04/2019;2131.71
03/04/2019;2143.02
04/04/2019;2142.75
05/04/2019;2149.85
08/04/2019;2152.89
09/04/2019;2143.2
10/04/2019;2147.99
11/04/2019;2147.61
12/04/2019;2159.39
15/04/2019;2161.14
16/04/2019;2163.08
17/04/2019;2160.94
18/04/2019;2160.21
19/04/2019;2160.36
22/04/2019;2161.58
23/04/2019;2174.39
24/04/2019;2168.81
25/04/2019;2165.36
26/04/2019;2173.82
29/04/2019;2175.59
30/04/2019;2178.67
01/05/2019;2170.03
02/05/2019;2161.11
03/05/2019;2177.77
06/05/2019;2166.66
07/05/2019;2135.49
08/05/2019;2131.9
09/05/2019;2119.31
10/05/2019;2126.32
13/05/2019;2086.46
14/05/2019;2098.76
15/05/2019;2110.4
16/05/2019;2126.06
17/05/2019;2116.5
20/05/2019;2104.64
21/05/2019;2117.66
22/05/2019;2111.78
23/05/2019;2087.46
24/05/2019;2095.03
27/05/2019;2096.43
28/05/2019;2084.57
29/05/2019;2064.8
30/05/2019;2066.48
31/05/2019;2046.25
03/06/2019;2045.06
04/06/2019;2077.66
05/06/2019;2095.83
06/06/2019;2104.18
07/06/2019;2126.88
10/06/2019;2135.51
11/06/2019;2139.74
12/06/2019;2134.42
13/06/2019;2136.96
14/06/2019;2130.95
17/06/2019;2130.86
18/06/2019;2150.91
19/06/2019;2161.6
20/06/2019;2183.36
21/06/2019;2178.16
24/06/2019;2178.17
25/06/2019;2163.73
26/06/2019;2158.41
27/06/2019;2166.48
28/06/2019;2178.35
01/07/2019;2192.24
02/07/2019;2198.55
03/07/2019;2213.35
04/07/2019;2215.17
05/07/2019;2205.57
08/07/2019;2194.62
09/07/2019;2193.65
10/07/2019;2201.14
11/07/2019;2205.35
12/07/2019;2212.65